epoch,lr_proposed,lr_ref_linear_same_epoch,lr_ref_poly_same_epoch
0,1,1,1
1,0.999,0.999,0.99909995
2,0.998,0.998,0.99819982
3,0.997,0.997,0.99729959
4,0.996,0.996,0.99639928
5,0.995,0.995,0.99549887
6,0.994,0.994,0.99459838
7,0.993,0.993,0.99369779
8,0.992,0.992,0.99279711
9,0.991,0.991,0.99189634
10,0.99,0.99,0.99099548
11,0.989,0.989,0.99009453
12,0.988,0.988,0.98919349
13,0.987,0.987,0.98829236
14,0.986,0.986,0.98739113
15,0.985,0.985,0.98648982
16,0.984,0.984,0.98558841
17,0.983,0.983,0.98468691
18,0.982,0.982,0.98378532
19,0.981,0.981,0.98288364
20,0.98,0.98,0.98198187
21,0.979,0.979,0.98108
22,0.978,0.978,0.98017804
23,0.977,0.977,0.97927599
24,0.976,0.976,0.97837385
25,0.975,0.975,0.97747161
26,0.974,0.974,0.97656929
27,0.973,0.973,0.97566687
28,0.972,0.972,0.97476435
29,0.971,0.971,0.97386175
30,0.97,0.97,0.97295905
31,0.969,0.969,0.97205626
32,0.968,0.968,0.97115337
33,0.967,0.967,0.97025039
34,0.966,0.966,0.96934732
35,0.965,0.965,0.96844415
36,0.964,0.964,0.9675409
37,0.963,0.963,0.96663754
38,0.962,0.962,0.9657341
39,0.961,0.961,0.96483056
40,0.96,0.96,0.96392692
41,0.959,0.959,0.96302319
42,0.958,0.958,0.96211937
43,0.957,0.957,0.96121545
44,0.956,0.956,0.96031144
45,0.955,0.955,0.95940733
46,0.954,0.954,0.95850313
47,0.953,0.953,0.95759884
48,0.952,0.952,0.95669445
49,0.951,0.951,0.95578996
50,0.95,0.95,0.95488538
51,0.949,0.949,0.95398071
52,0.948,0.948,0.95307593
53,0.947,0.947,0.95217107
54,0.946,0.946,0.95126611
55,0.945,0.945,0.95036105
56,0.944,0.944,0.94945589
57,0.943,0.943,0.94855064
58,0.942,0.942,0.9476453
59,0.941,0.941,0.94673986
60,0.94,0.94,0.94583432
61,0.939,0.939,0.94492869
62,0.938,0.938,0.94402295
63,0.937,0.937,0.94311713
64,0.936,0.936,0.9422112
65,0.935,0.935,0.94130518
66,0.934,0.934,0.94039906
67,0.933,0.933,0.93949285
68,0.932,0.932,0.93858654
69,0.931,0.931,0.93768013
70,0.93,0.93,0.93677362
71,0.929,0.929,0.93586702
72,0.928,0.928,0.93496032
73,0.927,0.927,0.93405352
74,0.926,0.926,0.93314662
75,0.925,0.925,0.93223963
76,0.924,0.924,0.93133253
77,0.923,0.923,0.93042534
78,0.922,0.922,0.92951805
79,0.921,0.921,0.92861066
80,0.92,0.92,0.92770318
81,0.919,0.919,0.92679559
82,0.918,0.918,0.92588791
83,0.917,0.917,0.92498013
84,0.916,0.916,0.92407225
85,0.915,0.915,0.92316426
86,0.914,0.914,0.92225618
87,0.913,0.913,0.921348
88,0.912,0.912,0.92043973
89,0.911,0.911,0.91953135
90,0.91,0.91,0.91862287
91,0.909,0.909,0.91771429
92,0.908,0.908,0.91680561
93,0.907,0.907,0.91589684
94,0.906,0.906,0.91498796
95,0.905,0.905,0.91407898
96,0.904,0.904,0.9131699
97,0.903,0.903,0.91226072
98,0.902,0.902,0.91135144
99,0.901,0.901,0.91044206
100,0.9,0.9,0.90953258
101,0.899,0.899,0.90862299
102,0.898,0.898,0.90771331
103,0.897,0.897,0.90680352
104,0.896,0.896,0.90589364
105,0.895,0.895,0.90498365
106,0.894,0.894,0.90407356
107,0.893,0.893,0.90316337
108,0.892,0.892,0.90225307
109,0.891,0.891,0.90134267
110,0.89,0.89,0.90043218
111,0.889,0.889,0.89952158
112,0.888,0.888,0.89861087
113,0.887,0.887,0.89770007
114,0.886,0.886,0.89678916
115,0.885,0.885,0.89587815
116,0.884,0.884,0.89496703
117,0.883,0.883,0.89405582
118,0.882,0.882,0.8931445
119,0.881,0.881,0.89223307
120,0.88,0.88,0.89132155
121,0.879,0.879,0.89040992
122,0.878,0.878,0.88949818
123,0.877,0.877,0.88858634
124,0.876,0.876,0.8876744
125,0.875,0.875,0.88676235
126,0.874,0.874,0.8858502
127,0.873,0.873,0.88493795
128,0.872,0.872,0.88402559
129,0.871,0.871,0.88311313
130,0.87,0.87,0.88220056
131,0.869,0.869,0.88128788
132,0.868,0.868,0.8803751
133,0.867,0.867,0.87946222
134,0.866,0.866,0.87854923
135,0.865,0.865,0.87763614
136,0.864,0.864,0.87672294
137,0.863,0.863,0.87580963
138,0.862,0.862,0.87489622
139,0.861,0.861,0.8739827
140,0.86,0.86,0.87306908
141,0.859,0.859,0.87215535
142,0.858,0.858,0.87124151
143,0.857,0.857,0.87032757
144,0.856,0.856,0.86941352
145,0.855,0.855,0.86849936
146,0.854,0.854,0.8675851
147,0.853,0.853,0.86667073
148,0.852,0.852,0.86575625
149,0.851,0.851,0.86484166
150,0.85,0.85,0.86392697
151,0.849,0.849,0.86301217
152,0.848,0.848,0.86209726
153,0.847,0.847,0.86118225
154,0.846,0.846,0.86026713
155,0.845,0.845,0.85935189
156,0.844,0.844,0.85843655
157,0.843,0.843,0.8575211
158,0.842,0.842,0.85660555
159,0.841,0.841,0.85568988
160,0.84,0.84,0.85477411
161,0.839,0.839,0.85385822
162,0.838,0.838,0.85294223
163,0.837,0.837,0.85202613
164,0.836,0.836,0.85110991
165,0.835,0.835,0.85019359
166,0.834,0.834,0.84927716
167,0.833,0.833,0.84836062
168,0.832,0.832,0.84744397
169,0.831,0.831,0.84652721
170,0.83,0.83,0.84561034
171,0.829,0.829,0.84469335
172,0.828,0.828,0.84377626
173,0.827,0.827,0.84285906
174,0.826,0.826,0.84194174
175,0.825,0.825,0.84102432
176,0.824,0.824,0.84010678
177,0.823,0.823,0.83918913
178,0.822,0.822,0.83827137
179,0.821,0.821,0.8373535
180,0.82,0.82,0.83643552
181,0.819,0.819,0.83551742
182,0.818,0.818,0.83459922
183,0.817,0.817,0.8336809
184,0.816,0.816,0.83276247
185,0.815,0.815,0.83184392
186,0.814,0.814,0.83092527
187,0.813,0.813,0.8300065
188,0.812,0.812,0.82908761
189,0.811,0.811,0.82816862
190,0.81,0.81,0.82724951
191,0.809,0.809,0.82633028
192,0.808,0.808,0.82541095
193,0.807,0.807,0.8244915
194,0.806,0.806,0.82357193
195,0.805,0.805,0.82265225
196,0.804,0.804,0.82173246
197,0.803,0.803,0.82081256
198,0.802,0.802,0.81989253
199,0.801,0.801,0.8189724
200,0.8,0.8,0.81805215
201,0.799,0.799,0.81713178
202,0.798,0.798,0.8162113
203,0.797,0.797,0.8152907
204,0.796,0.796,0.81436999
205,0.795,0.795,0.81344916
206,0.794,0.794,0.81252822
207,0.793,0.793,0.81160716
208,0.792,0.792,0.81068598
209,0.791,0.791,0.80976469
210,0.79,0.79,0.80884328
211,0.789,0.789,0.80792176
212,0.788,0.788,0.80700011
213,0.787,0.787,0.80607835
214,0.786,0.786,0.80515648
215,0.785,0.785,0.80423448
216,0.784,0.784,0.80331237
217,0.783,0.783,0.80239014
218,0.782,0.782,0.8014678
219,0.781,0.781,0.80054533
220,0.78,0.78,0.79962275
221,0.779,0.779,0.79870005
222,0.778,0.778,0.79777723
223,0.777,0.777,0.79685429
224,0.776,0.776,0.79593124
225,0.775,0.775,0.79500806
226,0.774,0.774,0.79408477
227,0.773,0.773,0.79316135
228,0.772,0.772,0.79223782
229,0.771,0.771,0.79131417
230,0.77,0.77,0.79039039
231,0.769,0.769,0.7894665
232,0.768,0.768,0.78854249
233,0.767,0.767,0.78761835
234,0.766,0.766,0.7866941
235,0.765,0.765,0.78576972
236,0.764,0.764,0.78484523
237,0.763,0.763,0.78392061
238,0.762,0.762,0.78299588
239,0.761,0.761,0.78207102
240,0.76,0.76,0.78114604
241,0.759,0.759,0.78022093
242,0.758,0.758,0.77929571
243,0.757,0.757,0.77837036
244,0.756,0.756,0.77744489
245,0.755,0.755,0.7765193
246,0.754,0.754,0.77559359
247,0.753,0.753,0.77466775
248,0.752,0.752,0.77374179
249,0.751,0.751,0.77281571
250,0.75,0.75,0.77188951
251,0.749,0.749,0.77096318
252,0.748,0.748,0.77003672
253,0.747,0.747,0.76911015
254,0.746,0.746,0.76818345
255,0.745,0.745,0.76725662
256,0.744,0.744,0.76632967
257,0.743,0.743,0.7654026
258,0.742,0.742,0.7644754
259,0.741,0.741,0.76354808
260,0.74,0.74,0.76262063
261,0.739,0.739,0.76169305
262,0.738,0.738,0.76076535
263,0.737,0.737,0.75983753
264,0.736,0.736,0.75890958
265,0.735,0.735,0.7579815
266,0.734,0.734,0.75705329
267,0.733,0.733,0.75612496
268,0.732,0.732,0.75519651
269,0.731,0.731,0.75426792
270,0.73,0.73,0.75333921
271,0.729,0.729,0.75241038
272,0.728,0.728,0.75148141
273,0.727,0.727,0.75055232
274,0.726,0.726,0.7496231
275,0.725,0.725,0.74869375
276,0.724,0.724,0.74776427
277,0.723,0.723,0.74683466
278,0.722,0.722,0.74590493
279,0.721,0.721,0.74497507
280,0.72,0.72,0.74404508
281,0.719,0.719,0.74311495
282,0.718,0.718,0.7421847
283,0.717,0.717,0.74125432
284,0.716,0.716,0.74032381
285,0.715,0.715,0.73939318
286,0.714,0.714,0.73846241
287,0.713,0.713,0.73753151
288,0.712,0.712,0.73660047
289,0.711,0.711,0.73566931
290,0.71,0.71,0.73473802
291,0.709,0.709,0.7338066
292,0.708,0.708,0.73287504
293,0.707,0.707,0.73194336
294,0.706,0.706,0.73101154
295,0.705,0.705,0.73007959
296,0.704,0.704,0.7291475
297,0.703,0.703,0.72821529
298,0.702,0.702,0.72728294
299,0.701,0.701,0.72635046
300,0.7,0.7,0.72541785
301,0.699,0.699,0.7244851
302,0.698,0.698,0.72355222
303,0.697,0.697,0.72261921
304,0.696,0.696,0.72168606
305,0.695,0.695,0.72075278
306,0.694,0.694,0.71981936
307,0.693,0.693,0.71888581
308,0.692,0.692,0.71795212
309,0.691,0.691,0.7170183
310,0.69,0.69,0.71608435
311,0.689,0.689,0.71515026
312,0.688,0.688,0.71421603
313,0.687,0.687,0.71328167
314,0.686,0.686,0.71234717
315,0.685,0.685,0.71141254
316,0.684,0.684,0.71047777
317,0.683,0.683,0.70954286
318,0.682,0.682,0.70860781
319,0.681,0.681,0.70767263
320,0.68,0.68,0.70673731
321,0.679,0.679,0.70580186
322,0.678,0.678,0.70486626
323,0.677,0.677,0.70393053
324,0.676,0.676,0.70299466
325,0.675,0.675,0.70205865
326,0.674,0.674,0.7011225
327,0.673,0.673,0.70018622
328,0.672,0.672,0.69924979
329,0.671,0.671,0.69831323
330,0.67,0.67,0.69737652
331,0.669,0.669,0.69643968
332,0.668,0.668,0.69550269
333,0.667,0.667,0.69456557
334,0.666,0.666,0.6936283
335,0.665,0.665,0.6926909
336,0.664,0.664,0.69175335
337,0.663,0.663,0.69081566
338,0.662,0.662,0.68987783
339,0.661,0.661,0.68893986
340,0.66,0.66,0.68800175
341,0.659,0.659,0.68706349
342,0.658,0.658,0.6861251
343,0.657,0.657,0.68518656
344,0.656,0.656,0.68424787
345,0.655,0.655,0.68330905
346,0.654,0.654,0.68237008
347,0.653,0.653,0.68143096
348,0.652,0.652,0.68049171
349,0.651,0.651,0.6795523
350,0.65,0.65,0.67861276
351,0.649,0.649,0.67767307
352,0.648,0.648,0.67673323
353,0.647,0.647,0.67579325
354,0.646,0.646,0.67485313
355,0.645,0.645,0.67391286
356,0.644,0.644,0.67297244
357,0.643,0.643,0.67203188
358,0.642,0.642,0.67109117
359,0.641,0.641,0.67015032
360,0.64,0.64,0.66920931
361,0.639,0.639,0.66826816
362,0.638,0.638,0.66732687
363,0.637,0.637,0.66638542
364,0.636,0.636,0.66544383
365,0.635,0.635,0.66450209
366,0.634,0.634,0.6635602
367,0.633,0.633,0.66261817
368,0.632,0.632,0.66167598
369,0.631,0.631,0.66073365
370,0.63,0.63,0.65979116
371,0.629,0.629,0.65884853
372,0.628,0.628,0.65790575
373,0.627,0.627,0.65696281
374,0.626,0.626,0.65601973
375,0.625,0.625,0.65507649
376,0.624,0.624,0.65413311
377,0.623,0.623,0.65318957
378,0.622,0.622,0.65224588
379,0.621,0.621,0.65130204
380,0.62,0.62,0.65035805
381,0.619,0.619,0.64941391
382,0.618,0.618,0.64846961
383,0.617,0.617,0.64752516
384,0.616,0.616,0.64658056
385,0.615,0.615,0.6456358
386,0.614,0.614,0.64469089
387,0.613,0.613,0.64374583
388,0.612,0.612,0.64280061
389,0.611,0.611,0.64185524
390,0.61,0.61,0.64090971
391,0.609,0.609,0.63996403
392,0.608,0.608,0.63901819
393,0.607,0.607,0.6380722
394,0.606,0.606,0.63712605
395,0.605,0.605,0.63617974
396,0.604,0.604,0.63523328
397,0.603,0.603,0.63428666
398,0.602,0.602,0.63333989
399,0.601,0.601,0.63239296
400,0.6,0.6,0.63144587
401,0.599,0.599,0.63049862
402,0.598,0.598,0.62955121
403,0.597,0.597,0.62860365
404,0.596,0.596,0.62765593
405,0.595,0.595,0.62670804
406,0.594,0.594,0.62576
407,0.593,0.593,0.6248118
408,0.592,0.592,0.62386344
409,0.591,0.591,0.62291492
410,0.59,0.59,0.62196624
411,0.589,0.589,0.6210174
412,0.588,0.588,0.62006839
413,0.587,0.587,0.61911923
414,0.586,0.586,0.6181699
415,0.585,0.585,0.61722041
416,0.584,0.584,0.61627076
417,0.583,0.583,0.61532095
418,0.582,0.582,0.61437097
419,0.581,0.581,0.61342083
420,0.58,0.58,0.61247053
421,0.579,0.579,0.61152006
422,0.578,0.578,0.61056943
423,0.577,0.577,0.60961863
424,0.576,0.576,0.60866767
425,0.575,0.575,0.60771655
426,0.574,0.574,0.60676525
427,0.573,0.573,0.6058138
428,0.572,0.572,0.60486217
429,0.571,0.571,0.60391038
430,0.57,0.57,0.60295843
431,0.569,0.569,0.6020063
432,0.568,0.568,0.60105401
433,0.567,0.567,0.60010156
434,0.566,0.566,0.59914893
435,0.565,0.565,0.59819614
436,0.564,0.564,0.59724317
437,0.563,0.563,0.59629004
438,0.562,0.562,0.59533674
439,0.561,0.561,0.59438327
440,0.56,0.56,0.59342963
441,0.559,0.559,0.59247582
442,0.558,0.558,0.59152183
443,0.557,0.557,0.59056768
444,0.556,0.556,0.58961336
445,0.555,0.555,0.58865886
446,0.554,0.554,0.58770419
447,0.553,0.553,0.58674935
448,0.552,0.552,0.58579434
449,0.551,0.551,0.58483915
450,0.55,0.55,0.58388379
451,0.549,0.549,0.58292826
452,0.548,0.548,0.58197255
453,0.547,0.547,0.58101667
454,0.546,0.546,0.58006061
455,0.545,0.545,0.57910438
456,0.544,0.544,0.57814798
457,0.543,0.543,0.57719139
458,0.542,0.542,0.57623463
459,0.541,0.541,0.5752777
460,0.54,0.54,0.57432059
461,0.539,0.539,0.5733633
462,0.538,0.538,0.57240583
463,0.537,0.537,0.57144818
464,0.536,0.536,0.57049036
465,0.535,0.535,0.56953236
466,0.534,0.534,0.56857418
467,0.533,0.533,0.56761582
468,0.532,0.532,0.56665728
469,0.531,0.531,0.56569855
470,0.53,0.53,0.56473965
471,0.529,0.529,0.56378057
472,0.528,0.528,0.56282131
473,0.527,0.527,0.56186186
474,0.526,0.526,0.56090223
475,0.525,0.525,0.55994242
476,0.524,0.524,0.55898243
477,0.523,0.523,0.55802226
478,0.522,0.522,0.5570619
479,0.521,0.521,0.55610135
480,0.52,0.52,0.55514062
481,0.519,0.519,0.55417971
482,0.518,0.518,0.55321861
483,0.517,0.517,0.55225733
484,0.516,0.516,0.55129586
485,0.515,0.515,0.5503342
486,0.514,0.514,0.54937236
487,0.513,0.513,0.54841033
488,0.512,0.512,0.54744812
489,0.511,0.511,0.54648571
490,0.51,0.51,0.54552312
491,0.509,0.509,0.54456033
492,0.508,0.508,0.54359736
493,0.507,0.507,0.5426342
494,0.506,0.506,0.54167085
495,0.505,0.505,0.54070731
496,0.504,0.504,0.53974358
497,0.503,0.503,0.53877965
498,0.502,0.502,0.53781554
499,0.501,0.501,0.53685123
500,0.5,0.5,0.53588673
501,0.499,0.499,0.53492204
502,0.498,0.498,0.53395715
503,0.497,0.497,0.53299207
504,0.496,0.496,0.5320268
505,0.495,0.495,0.53106133
506,0.494,0.494,0.53009567
507,0.493,0.493,0.52912981
508,0.492,0.492,0.52816375
509,0.491,0.491,0.5271975
510,0.49,0.49,0.52623105
511,0.489,0.489,0.52526441
512,0.488,0.488,0.52429756
513,0.487,0.487,0.52333052
514,0.486,0.486,0.52236328
515,0.485,0.485,0.52139584
516,0.484,0.484,0.52042821
517,0.483,0.483,0.51946037
518,0.482,0.482,0.51849233
519,0.481,0.481,0.51752409
520,0.48,0.48,0.51655565
521,0.479,0.479,0.515587
522,0.478,0.478,0.51461816
523,0.477,0.477,0.51364911
524,0.476,0.476,0.51267986
525,0.475,0.475,0.51171041
526,0.474,0.474,0.51074075
527,0.473,0.473,0.50977088
528,0.472,0.472,0.50880082
529,0.471,0.471,0.50783054
530,0.47,0.47,0.50686006
531,0.469,0.469,0.50588938
532,0.468,0.468,0.50491848
533,0.467,0.467,0.50394738
534,0.466,0.466,0.50297607
535,0.465,0.465,0.50200455
536,0.464,0.464,0.50103283
537,0.463,0.463,0.50006089
538,0.462,0.462,0.49908875
539,0.461,0.461,0.49811639
540,0.46,0.46,0.49714382
541,0.459,0.459,0.49617105
542,0.458,0.458,0.49519805
543,0.457,0.457,0.49422485
544,0.456,0.456,0.49325144
545,0.455,0.455,0.49227781
546,0.454,0.454,0.49130396
547,0.453,0.453,0.49032991
548,0.452,0.452,0.48935563
549,0.451,0.451,0.48838114
550,0.45,0.45,0.48740644
551,0.449,0.449,0.48643152
552,0.448,0.448,0.48545638
553,0.447,0.447,0.48448102
554,0.446,0.446,0.48350545
555,0.445,0.445,0.48252966
556,0.444,0.444,0.48155364
557,0.443,0.443,0.48057741
558,0.442,0.442,0.47960096
559,0.441,0.441,0.47862428
560,0.44,0.44,0.47764739
561,0.439,0.439,0.47667027
562,0.438,0.438,0.47569293
563,0.437,0.437,0.47471537
564,0.436,0.436,0.47373758
565,0.435,0.435,0.47275957
566,0.434,0.434,0.47178134
567,0.433,0.433,0.47080288
568,0.432,0.432,0.46982419
569,0.431,0.431,0.46884527
570,0.43,0.43,0.46786613
571,0.429,0.429,0.46688676
572,0.428,0.428,0.46590717
573,0.427,0.427,0.46492734
574,0.426,0.426,0.46394729
575,0.425,0.425,0.462967
576,0.424,0.424,0.46198649
577,0.423,0.423,0.46100574
578,0.422,0.422,0.46002476
579,0.421,0.421,0.45904355
580,0.42,0.42,0.4580621
581,0.419,0.419,0.45708042
582,0.418,0.418,0.45609851
583,0.417,0.417,0.45511636
584,0.416,0.416,0.45413398
585,0.415,0.415,0.45315136
586,0.414,0.414,0.4521685
587,0.413,0.413,0.45118541
588,0.412,0.412,0.45020208
589,0.411,0.411,0.44921851
590,0.41,0.41,0.4482347
591,0.409,0.409,0.44725065
592,0.408,0.408,0.44626636
593,0.407,0.407,0.44528182
594,0.406,0.406,0.44429705
595,0.405,0.405,0.44331203
596,0.404,0.404,0.44232677
597,0.403,0.403,0.44134127
598,0.402,0.402,0.44035552
599,0.401,0.401,0.43936953
600,0.4,0.4,0.43838329
601,0.399,0.399,0.4373968
602,0.398,0.398,0.43641007
603,0.397,0.397,0.43542309
604,0.396,0.396,0.43443586
605,0.395,0.395,0.43344838
606,0.394,0.394,0.43246065
607,0.393,0.393,0.43147267
608,0.392,0.392,0.43048444
609,0.391,0.391,0.42949596
610,0.39,0.39,0.42850722
611,0.389,0.389,0.42751823
612,0.388,0.388,0.42652899
613,0.387,0.387,0.42553949
614,0.386,0.386,0.42454974
615,0.385,0.385,0.42355972
616,0.384,0.384,0.42256946
617,0.383,0.383,0.42157893
618,0.382,0.382,0.42058814
619,0.381,0.381,0.4195971
620,0.38,0.38,0.4186058
621,0.379,0.379,0.41761423
622,0.378,0.378,0.4166224
623,0.377,0.377,0.41563031
624,0.376,0.376,0.41463796
625,0.375,0.375,0.41364534
626,0.374,0.374,0.41265246
627,0.373,0.373,0.41165932
628,0.372,0.372,0.4106659
629,0.371,0.371,0.40967222
630,0.37,0.37,0.40867828
631,0.369,0.369,0.40768406
632,0.368,0.368,0.40668957
633,0.367,0.367,0.40569482
634,0.366,0.366,0.40469979
635,0.365,0.365,0.40370449
636,0.364,0.364,0.40270892
637,0.363,0.363,0.40171307
638,0.362,0.362,0.40071695
639,0.361,0.361,0.39972055
640,0.36,0.36,0.39872388
641,0.359,0.359,0.39772694
642,0.358,0.358,0.39672971
643,0.357,0.357,0.3957322
644,0.356,0.356,0.39473442
645,0.355,0.355,0.39373636
646,0.354,0.354,0.39273801
647,0.353,0.353,0.39173938
648,0.352,0.352,0.39074047
649,0.351,0.351,0.38974128
650,0.35,0.35,0.3887418
651,0.349,0.349,0.38774203
652,0.348,0.348,0.38674198
653,0.347,0.347,0.38574164
654,0.346,0.346,0.38474102
655,0.345,0.345,0.3837401
656,0.344,0.344,0.38273889
657,0.343,0.343,0.3817374
658,0.342,0.342,0.38073561
659,0.341,0.341,0.37973353
660,0.34,0.34,0.37873115
661,0.339,0.339,0.37772848
662,0.338,0.338,0.37672551
663,0.337,0.337,0.37572225
664,0.336,0.336,0.37471869
665,0.335,0.335,0.37371482
666,0.334,0.334,0.37271066
667,0.333,0.333,0.3717062
668,0.332,0.332,0.37070144
669,0.331,0.331,0.36969638
670,0.33,0.33,0.36869101
671,0.329,0.329,0.36768533
672,0.328,0.328,0.36667936
673,0.327,0.327,0.36567307
674,0.326,0.326,0.36466648
675,0.325,0.325,0.36365957
676,0.324,0.324,0.36265236
677,0.323,0.323,0.36164484
678,0.322,0.322,0.360637
679,0.321,0.321,0.35962885
680,0.32,0.32,0.35862039
681,0.319,0.319,0.35761161
682,0.318,0.318,0.35660252
683,0.317,0.317,0.35559311
684,0.316,0.316,0.35458338
685,0.315,0.315,0.35357333
686,0.314,0.314,0.35256296
687,0.313,0.313,0.35155227
688,0.312,0.312,0.35054125
689,0.311,0.311,0.34952991
690,0.31,0.31,0.34851825
691,0.309,0.309,0.34750626
692,0.308,0.308,0.34649394
693,0.307,0.307,0.34548129
694,0.306,0.306,0.34446832
695,0.305,0.305,0.34345501
696,0.304,0.304,0.34244137
697,0.303,0.303,0.3414274
698,0.302,0.302,0.34041309
699,0.301,0.301,0.33939844
700,0.3,0.3,0.33838346
701,0.299,0.299,0.33736814
702,0.298,0.298,0.33635248
703,0.297,0.297,0.33533648
704,0.296,0.296,0.33432014
705,0.295,0.295,0.33330345
706,0.294,0.294,0.33228642
707,0.293,0.293,0.33126905
708,0.292,0.292,0.33025132
709,0.291,0.291,0.32923325
710,0.29,0.29,0.32821483
711,0.289,0.289,0.32719605
712,0.288,0.288,0.32617693
713,0.287,0.287,0.32515745
714,0.286,0.286,0.32413761
715,0.285,0.285,0.32311742
716,0.284,0.284,0.32209687
717,0.283,0.283,0.32107596
718,0.282,0.282,0.32005469
719,0.281,0.281,0.31903306
720,0.28,0.28,0.31801106
721,0.279,0.279,0.3169887
722,0.278,0.278,0.31596597
723,0.277,0.277,0.31494288
724,0.276,0.276,0.31391941
725,0.275,0.275,0.31289558
726,0.274,0.274,0.31187137
727,0.273,0.273,0.31084679
728,0.272,0.272,0.30982183
729,0.271,0.271,0.30879649
730,0.27,0.27,0.30777078
731,0.269,0.269,0.30674469
732,0.268,0.268,0.30571821
733,0.267,0.267,0.30469136
734,0.266,0.266,0.30366412
735,0.265,0.265,0.30263649
736,0.264,0.264,0.30160847
737,0.263,0.263,0.30058006
738,0.262,0.262,0.29955127
739,0.261,0.261,0.29852208
740,0.26,0.26,0.29749249
741,0.259,0.259,0.29646251
742,0.258,0.258,0.29543214
743,0.257,0.257,0.29440136
744,0.256,0.256,0.29337018
745,0.255,0.255,0.2923386
746,0.254,0.254,0.29130661
747,0.253,0.253,0.29027422
748,0.252,0.252,0.28924142
749,0.251,0.251,0.28820821
750,0.25,0.25,0.28717459
751,0.24985763,0.249,0.28614055
752,0.24971527,0.248,0.2851061
753,0.2495729,0.247,0.28407123
754,0.24943053,0.246,0.28303595
755,0.24928816,0.245,0.28200024
756,0.2491458,0.244,0.28096411
757,0.24900343,0.243,0.27992755
758,0.24886106,0.242,0.27889057
759,0.2487187,0.241,0.27785316
760,0.24857633,0.24,0.27681532
761,0.24843396,0.239,0.27577704
762,0.2482916,0.238,0.27473833
763,0.24814923,0.237,0.27369919
764,0.24800686,0.236,0.27265961
765,0.24786449,0.235,0.27161958
766,0.24772213,0.234,0.27057911
767,0.24757976,0.233,0.2695382
768,0.24743739,0.232,0.26849684
769,0.24729503,0.231,0.26745504
770,0.24715266,0.23,0.26641278
771,0.24701029,0.229,0.26537007
772,0.24686792,0.228,0.2643269
773,0.24672556,0.227,0.26328327
774,0.24658319,0.226,0.26223919
775,0.24644082,0.225,0.26119464
776,0.24629846,0.224,0.26014963
777,0.24615609,0.223,0.25910415
778,0.24601372,0.222,0.25805821
779,0.24587136,0.221,0.25701179
780,0.24572899,0.22,0.2559649
781,0.24558662,0.219,0.25491753
782,0.24544425,0.218,0.25386969
783,0.24530189,0.217,0.25282136
784,0.24515952,0.216,0.25177255
785,0.24501715,0.215,0.25072325
786,0.24487479,0.214,0.24967347
787,0.24473242,0.213,0.24862319
788,0.24459005,0.212,0.24757243
789,0.24444768,0.211,0.24652116
790,0.24430532,0.21,0.2454694
791,0.24416295,0.209,0.24441714
792,0.24402058,0.208,0.24336437
793,0.24387822,0.207,0.2423111
794,0.24373585,0.206,0.24125732
795,0.24359348,0.205,0.24020303
796,0.24345111,0.204,0.23914822
797,0.24330875,0.203,0.23809289
798,0.24316638,0.202,0.23703705
799,0.24302401,0.201,0.23598068
800,0.24288165,0.2,0.23492379
801,0.24273928,0.199,0.23386637
802,0.24259691,0.198,0.23280841
803,0.24245455,0.197,0.23174993
804,0.24231218,0.196,0.2306909
805,0.24216981,0.195,0.22963133
806,0.24202744,0.194,0.22857123
807,0.24188508,0.193,0.22751057
808,0.24174271,0.192,0.22644936
809,0.24160034,0.191,0.22538761
810,0.24145798,0.19,0.22432529
811,0.24131561,0.189,0.22326242
812,0.24117324,0.188,0.22219898
813,0.24103087,0.187,0.22113498
814,0.24088851,0.186,0.22007041
815,0.24074614,0.185,0.21900526
816,0.24060377,0.184,0.21793955
817,0.24046141,0.183,0.21687325
818,0.24031904,0.182,0.21580636
819,0.24017667,0.181,0.2147389
820,0.24003431,0.18,0.21367084
821,0.23989194,0.179,0.21260219
822,0.23974957,0.178,0.21153294
823,0.2396072,0.177,0.21046309
824,0.23946484,0.176,0.20939263
825,0.23932247,0.175,0.20832157
826,0.2391801,0.174,0.2072499
827,0.23903774,0.173,0.20617761
828,0.23889537,0.172,0.2051047
829,0.238753,0.171,0.20403116
830,0.23861063,0.17,0.202957
831,0.23846827,0.169,0.2018822
832,0.2383259,0.168,0.20080677
833,0.23818353,0.167,0.1997307
834,0.23804117,0.166,0.19865398
835,0.2378988,0.165,0.19757662
836,0.23775643,0.164,0.1964986
837,0.23761407,0.163,0.19541993
838,0.2374717,0.162,0.19434059
839,0.23732933,0.161,0.19326058
840,0.23718696,0.16,0.19217991
841,0.2370446,0.159,0.19109856
842,0.23690223,0.158,0.19001653
843,0.23675986,0.157,0.18893381
844,0.2366175,0.156,0.18785041
845,0.23647513,0.155,0.18676631
846,0.23633276,0.154,0.18568151
847,0.23619039,0.153,0.184596
848,0.23604803,0.152,0.18350979
849,0.23590566,0.151,0.18242286
850,0.23576329,0.15,0.18133521
851,0.23562093,0.149,0.18024683
852,0.23547856,0.148,0.17915773
853,0.23533619,0.147,0.17806789
854,0.23519383,0.146,0.1769773
855,0.23505146,0.145,0.17588597
856,0.23490909,0.144,0.17479389
857,0.23476672,0.143,0.17370105
858,0.23462436,0.142,0.17260744
859,0.23448199,0.141,0.17151306
860,0.23433962,0.14,0.17041791
861,0.23419726,0.139,0.16932197
862,0.23405489,0.138,0.16822525
863,0.23391252,0.137,0.16712773
864,0.23377015,0.136,0.16602941
865,0.23362779,0.135,0.16493028
866,0.23348542,0.134,0.16383033
867,0.23334305,0.133,0.16272957
868,0.23320069,0.132,0.16162798
869,0.23305832,0.131,0.16052555
870,0.23291595,0.13,0.15942228
871,0.23277358,0.129,0.15831816
872,0.23263122,0.128,0.15721319
873,0.23248885,0.127,0.15610735
874,0.23234648,0.126,0.15500064
875,0.23220412,0.125,0.15389305
876,0.23206175,0.124,0.15278458
877,0.23191938,0.123,0.15167521
878,0.23177702,0.122,0.15056494
879,0.23163465,0.121,0.14945376
880,0.23149228,0.12,0.14834166
881,0.23134991,0.119,0.14722863
882,0.23120755,0.118,0.14611466
883,0.23106518,0.117,0.14499976
884,0.23092281,0.116,0.1438839
885,0.23078045,0.115,0.14276707
886,0.23063808,0.114,0.14164928
887,0.23049571,0.113,0.1405305
888,0.23035334,0.112,0.13941074
889,0.23021098,0.111,0.13828997
890,0.23006861,0.11,0.13716819
891,0.22992624,0.109,0.1360454
892,0.22978388,0.108,0.13492157
893,0.22964151,0.107,0.1337967
894,0.22949914,0.106,0.13267078
895,0.22935678,0.105,0.1315438
896,0.22921441,0.104,0.13041574
897,0.22907204,0.103,0.1292866
898,0.22892967,0.102,0.12815636
899,0.22878731,0.101,0.12702501
900,0.22864494,0.1,0.12589254
901,0.22850257,0.099,0.12475894
902,0.22836021,0.098,0.12362419
903,0.22821784,0.097,0.12248829
904,0.22807547,0.096,0.12135121
905,0.2279331,0.095,0.12021295
906,0.22779074,0.094,0.11907349
907,0.22764837,0.093,0.11793281
908,0.227506,0.092,0.11679091
909,0.22736364,0.091,0.11564777
910,0.22722127,0.09,0.11450337
911,0.2270789,0.089,0.11335769
912,0.22693654,0.088,0.11221073
913,0.22679417,0.087,0.11106247
914,0.2266518,0.086,0.10991288
915,0.22650943,0.085,0.10876196
916,0.22636707,0.084,0.10760968
917,0.2262247,0.083,0.10645603
918,0.22608233,0.082,0.10530099
919,0.22593997,0.081,0.10414454
920,0.2257976,0.08,0.10298666
921,0.22565523,0.079,0.10182734
922,0.22551286,0.078,0.10066654
923,0.2253705,0.077,0.099504255
924,0.22522813,0.076,0.098340459
925,0.22508576,0.075,0.097175132
926,0.2249434,0.074,0.096008249
927,0.22480103,0.073,0.094839788
928,0.22465866,0.072,0.093669725
929,0.2245163,0.071,0.092498036
930,0.22437393,0.07,0.091324696
931,0.22423156,0.069,0.090149678
932,0.22408919,0.068,0.088972956
933,0.22394683,0.067,0.087794503
934,0.22380446,0.066,0.086614288
935,0.22366209,0.065,0.085432285
936,0.22351973,0.064,0.084248461
937,0.22337736,0.063,0.083062786
938,0.22323499,0.062,0.081875228
939,0.22309262,0.061,0.080685752
940,0.22295026,0.06,0.079494325
941,0.22280789,0.059,0.07830091
942,0.22266552,0.058,0.077105471
943,0.22252316,0.057,0.075907969
944,0.22238079,0.056,0.074708364
945,0.22223842,0.055,0.073506614
946,0.22209605,0.054,0.072302678
947,0.22195369,0.053,0.07109651
948,0.22181132,0.052,0.069888064
949,0.22166895,0.051,0.068677291
950,0.22152659,0.05,0.067464142
951,0.22138422,0.049,0.066248564
952,0.22124185,0.048,0.065030503
953,0.22109949,0.047,0.063809901
954,0.22095712,0.046,0.062586699
955,0.22081475,0.045,0.061360835
956,0.22067238,0.044,0.060132244
957,0.22053002,0.043,0.058900856
958,0.22038765,0.042,0.057666602
959,0.22024528,0.041,0.056429405
960,0.22010292,0.04,0.055189186
961,0.21996055,0.039,0.053945863
962,0.21981818,0.038,0.052699347
963,0.21967581,0.037,0.051449547
964,0.21953345,0.036,0.050196363
965,0.21939108,0.035,0.048939693
966,0.21924871,0.034,0.047679427
967,0.21910635,0.033,0.046415448
968,0.21896398,0.032,0.045147632
969,0.21882161,0.031,0.043875848
970,0.21867925,0.03,0.042599954
971,0.21853688,0.029,0.041319799
972,0.21839451,0.028,0.040035221
973,0.21825214,0.027,0.038746046
974,0.21810978,0.026,0.037452086
975,0.21796741,0.025,0.036153139
976,0.21782504,0.024,0.034848984
977,0.21768268,0.023,0.033539382
978,0.21754031,0.022,0.032224072
979,0.21739794,0.021,0.030902767
980,0.21725557,0.02,0.029575153
981,0.21711321,0.019,0.028240881
982,0.21697084,0.018,0.026899565
983,0.21682847,0.017,0.025550772
984,0.21668611,0.016,0.024194017
985,0.21654374,0.015,0.02282875
986,0.21640137,0.014,0.021454344
987,0.21625901,0.013,0.020070076
988,0.21611664,0.012,0.018675108
989,0.21597427,0.011,0.017268452
990,0.2158319,0.01,0.015848932
991,0.21568954,0.009,0.01441512
992,0.21554717,0.008,0.012965253
993,0.2154048,0.007,0.011497098
994,0.21526244,0.006,0.010007743
995,0.21512007,0.005,0.0084932323
996,0.2149777,0.004,0.0069479069
997,0.21483533,0.003,0.0053630165
998,0.21469297,0.002,0.0037232911
999,0.2145506,0.001,0.0019952623
1000,0.21440823,,
1001,0.21426587,,
1002,0.2141235,,
1003,0.21398113,,
1004,0.21383877,,
1005,0.2136964,,
1006,0.21355403,,
1007,0.21341166,,
1008,0.2132693,,
1009,0.21312693,,
1010,0.21298456,,
1011,0.2128422,,
1012,0.21269983,,
1013,0.21255746,,
1014,0.21241509,,
1015,0.21227273,,
1016,0.21213036,,
1017,0.21198799,,
1018,0.21184563,,
1019,0.21170326,,
1020,0.21156089,,
1021,0.21141852,,
1022,0.21127616,,
1023,0.21113379,,
1024,0.21099142,,
1025,0.21084906,,
1026,0.21070669,,
1027,0.21056432,,
1028,0.21042196,,
1029,0.21027959,,
1030,0.21013722,,
1031,0.20999485,,
1032,0.20985249,,
1033,0.20971012,,
1034,0.20956775,,
1035,0.20942539,,
1036,0.20928302,,
1037,0.20914065,,
1038,0.20899828,,
1039,0.20885592,,
1040,0.20871355,,
1041,0.20857118,,
1042,0.20842882,,
1043,0.20828645,,
1044,0.20814408,,
1045,0.20800172,,
1046,0.20785935,,
1047,0.20771698,,
1048,0.20757461,,
1049,0.20743225,,
1050,0.20728988,,
1051,0.20714751,,
1052,0.20700515,,
1053,0.20686278,,
1054,0.20672041,,
1055,0.20657804,,
1056,0.20643568,,
1057,0.20629331,,
1058,0.20615094,,
1059,0.20600858,,
1060,0.20586621,,
1061,0.20572384,,
1062,0.20558148,,
1063,0.20543911,,
1064,0.20529674,,
1065,0.20515437,,
1066,0.20501201,,
1067,0.20486964,,
1068,0.20472727,,
1069,0.20458491,,
1070,0.20444254,,
1071,0.20430017,,
1072,0.2041578,,
1073,0.20401544,,
1074,0.20387307,,
1075,0.2037307,,
1076,0.20358834,,
1077,0.20344597,,
1078,0.2033036,,
1079,0.20316123,,
1080,0.20301887,,
1081,0.2028765,,
1082,0.20273413,,
1083,0.20259177,,
1084,0.2024494,,
1085,0.20230703,,
1086,0.20216467,,
1087,0.2020223,,
1088,0.20187993,,
1089,0.20173756,,
1090,0.2015952,,
1091,0.20145283,,
1092,0.20131046,,
1093,0.2011681,,
1094,0.20102573,,
1095,0.20088336,,
1096,0.20074099,,
1097,0.20059863,,
1098,0.20045626,,
1099,0.20031389,,
1100,0.20017153,,
1101,0.20002916,,
1102,0.19988679,,
1103,0.19974443,,
1104,0.19960206,,
1105,0.19945969,,
1106,0.19931732,,
1107,0.19917496,,
1108,0.19903259,,
1109,0.19889022,,
1110,0.19874786,,
1111,0.19860549,,
1112,0.19846312,,
1113,0.19832075,,
1114,0.19817839,,
1115,0.19803602,,
1116,0.19789365,,
1117,0.19775129,,
1118,0.19760892,,
1119,0.19746655,,
1120,0.19732419,,
1121,0.19718182,,
1122,0.19703945,,
1123,0.19689708,,
1124,0.19675472,,
1125,0.19661235,,
1126,0.19646998,,
1127,0.19632762,,
1128,0.19618525,,
1129,0.19604288,,
1130,0.19590051,,
1131,0.19575815,,
1132,0.19561578,,
1133,0.19547341,,
1134,0.19533105,,
1135,0.19518868,,
1136,0.19504631,,
1137,0.19490395,,
1138,0.19476158,,
1139,0.19461921,,
1140,0.19447684,,
1141,0.19433448,,
1142,0.19419211,,
1143,0.19404974,,
1144,0.19390738,,
1145,0.19376501,,
1146,0.19362264,,
1147,0.19348027,,
1148,0.19333791,,
1149,0.19319554,,
1150,0.19305317,,
1151,0.19291081,,
1152,0.19276844,,
1153,0.19262607,,
1154,0.1924837,,
1155,0.19234134,,
1156,0.19219897,,
1157,0.1920566,,
1158,0.19191424,,
1159,0.19177187,,
1160,0.1916295,,
1161,0.19148714,,
1162,0.19134477,,
1163,0.1912024,,
1164,0.19106003,,
1165,0.19091767,,
1166,0.1907753,,
1167,0.19063293,,
1168,0.19049057,,
1169,0.1903482,,
1170,0.19020583,,
1171,0.19006346,,
1172,0.1899211,,
1173,0.18977873,,
1174,0.18963636,,
1175,0.189494,,
1176,0.18935163,,
1177,0.18920926,,
1178,0.1890669,,
1179,0.18892453,,
1180,0.18878216,,
1181,0.18863979,,
1182,0.18849743,,
1183,0.18835506,,
1184,0.18821269,,
1185,0.18807033,,
1186,0.18792796,,
1187,0.18778559,,
1188,0.18764322,,
1189,0.18750086,,
1190,0.18735849,,
1191,0.18721612,,
1192,0.18707376,,
1193,0.18693139,,
1194,0.18678902,,
1195,0.18664666,,
1196,0.18650429,,
1197,0.18636192,,
1198,0.18621955,,
1199,0.18607719,,
1200,0.18593482,,
1201,0.18579245,,
1202,0.18565009,,
1203,0.18550772,,
1204,0.18536535,,
1205,0.18522298,,
1206,0.18508062,,
1207,0.18493825,,
1208,0.18479588,,
1209,0.18465352,,
1210,0.18451115,,
1211,0.18436878,,
1212,0.18422642,,
1213,0.18408405,,
1214,0.18394168,,
1215,0.18379931,,
1216,0.18365695,,
1217,0.18351458,,
1218,0.18337221,,
1219,0.18322985,,
1220,0.18308748,,
1221,0.18294511,,
1222,0.18280274,,
1223,0.18266038,,
1224,0.18251801,,
1225,0.18237564,,
1226,0.18223328,,
1227,0.18209091,,
1228,0.18194854,,
1229,0.18180617,,
1230,0.18166381,,
1231,0.18152144,,
1232,0.18137907,,
1233,0.18123671,,
1234,0.18109434,,
1235,0.18095197,,
1236,0.18080961,,
1237,0.18066724,,
1238,0.18052487,,
1239,0.1803825,,
1240,0.18024014,,
1241,0.18009777,,
1242,0.1799554,,
1243,0.17981304,,
1244,0.17967067,,
1245,0.1795283,,
1246,0.17938593,,
1247,0.17924357,,
1248,0.1791012,,
1249,0.17895883,,
1250,0.17881647,,
1251,0.1786741,,
1252,0.17853173,,
1253,0.17838937,,
1254,0.178247,,
1255,0.17810463,,
1256,0.17796226,,
1257,0.1778199,,
1258,0.17767753,,
1259,0.17753516,,
1260,0.1773928,,
1261,0.17725043,,
1262,0.17710806,,
1263,0.17696569,,
1264,0.17682333,,
1265,0.17668096,,
1266,0.17653859,,
1267,0.17639623,,
1268,0.17625386,,
1269,0.17611149,,
1270,0.17596913,,
1271,0.17582676,,
1272,0.17568439,,
1273,0.17554202,,
1274,0.17539966,,
1275,0.17525729,,
1276,0.17511492,,
1277,0.17497256,,
1278,0.17483019,,
1279,0.17468782,,
1280,0.17454545,,
1281,0.17440309,,
1282,0.17426072,,
1283,0.17411835,,
1284,0.17397599,,
1285,0.17383362,,
1286,0.17369125,,
1287,0.17354889,,
1288,0.17340652,,
1289,0.17326415,,
1290,0.17312178,,
1291,0.17297942,,
1292,0.17283705,,
1293,0.17269468,,
1294,0.17255232,,
1295,0.17240995,,
1296,0.17226758,,
1297,0.17212521,,
1298,0.17198285,,
1299,0.17184048,,
1300,0.17169811,,
1301,0.17155575,,
1302,0.17141338,,
1303,0.17127101,,
1304,0.17112864,,
1305,0.17098628,,
1306,0.17084391,,
1307,0.17070154,,
1308,0.17055918,,
1309,0.17041681,,
1310,0.17027444,,
1311,0.17013208,,
1312,0.16998971,,
1313,0.16984734,,
1314,0.16970497,,
1315,0.16956261,,
1316,0.16942024,,
1317,0.16927787,,
1318,0.16913551,,
1319,0.16899314,,
1320,0.16885077,,
1321,0.1687084,,
1322,0.16856604,,
1323,0.16842367,,
1324,0.1682813,,
1325,0.16813894,,
1326,0.16799657,,
1327,0.1678542,,
1328,0.16771184,,
1329,0.16756947,,
1330,0.1674271,,
1331,0.16728473,,
1332,0.16714237,,
1333,0.167,,
1334,0.16685763,,
1335,0.16671527,,
1336,0.1665729,,
1337,0.16643053,,
1338,0.16628816,,
1339,0.1661458,,
1340,0.16600343,,
1341,0.16586106,,
1342,0.1657187,,
1343,0.16557633,,
1344,0.16543396,,
1345,0.1652916,,
1346,0.16514923,,
1347,0.16500686,,
1348,0.16486449,,
1349,0.16472213,,
1350,0.16457976,,
1351,0.16443739,,
1352,0.16429503,,
1353,0.16415266,,
1354,0.16401029,,
1355,0.16386792,,
1356,0.16372556,,
1357,0.16358319,,
1358,0.16344082,,
1359,0.16329846,,
1360,0.16315609,,
1361,0.16301372,,
1362,0.16287136,,
1363,0.16272899,,
1364,0.16258662,,
1365,0.16244425,,
1366,0.16230189,,
1367,0.16215952,,
1368,0.16201715,,
1369,0.16187479,,
1370,0.16173242,,
1371,0.16159005,,
1372,0.16144768,,
1373,0.16130532,,
1374,0.16116295,,
1375,0.16102058,,
1376,0.16087822,,
1377,0.16073585,,
1378,0.16059348,,
1379,0.16045111,,
1380,0.16030875,,
1381,0.16016638,,
1382,0.16002401,,
1383,0.15988165,,
1384,0.15973928,,
1385,0.15959691,,
1386,0.15945455,,
1387,0.15931218,,
1388,0.15916981,,
1389,0.15902744,,
1390,0.15888508,,
1391,0.15874271,,
1392,0.15860034,,
1393,0.15845798,,
1394,0.15831561,,
1395,0.15817324,,
1396,0.15803087,,
1397,0.15788851,,
1398,0.15774614,,
1399,0.15760377,,
1400,0.15746141,,
1401,0.15731904,,
1402,0.15717667,,
1403,0.15703431,,
1404,0.15689194,,
1405,0.15674957,,
1406,0.1566072,,
1407,0.15646484,,
1408,0.15632247,,
1409,0.1561801,,
1410,0.15603774,,
1411,0.15589537,,
1412,0.155753,,
1413,0.15561063,,
1414,0.15546827,,
1415,0.1553259,,
1416,0.15518353,,
1417,0.15504117,,
1418,0.1548988,,
1419,0.15475643,,
1420,0.15461407,,
1421,0.1544717,,
1422,0.15432933,,
1423,0.15418696,,
1424,0.1540446,,
1425,0.15390223,,
1426,0.15375986,,
1427,0.1536175,,
1428,0.15347513,,
1429,0.15333276,,
1430,0.15319039,,
1431,0.15304803,,
1432,0.15290566,,
1433,0.15276329,,
1434,0.15262093,,
1435,0.15247856,,
1436,0.15233619,,
1437,0.15219383,,
1438,0.15205146,,
1439,0.15190909,,
1440,0.15176672,,
1441,0.15162436,,
1442,0.15148199,,
1443,0.15133962,,
1444,0.15119726,,
1445,0.15105489,,
1446,0.15091252,,
1447,0.15077015,,
1448,0.15062779,,
1449,0.15048542,,
1450,0.15034305,,
1451,0.15020069,,
1452,0.15005832,,
1453,0.14991595,,
1454,0.14977358,,
1455,0.14963122,,
1456,0.14948885,,
1457,0.14934648,,
1458,0.14920412,,
1459,0.14906175,,
1460,0.14891938,,
1461,0.14877702,,
1462,0.14863465,,
1463,0.14849228,,
1464,0.14834991,,
1465,0.14820755,,
1466,0.14806518,,
1467,0.14792281,,
1468,0.14778045,,
1469,0.14763808,,
1470,0.14749571,,
1471,0.14735334,,
1472,0.14721098,,
1473,0.14706861,,
1474,0.14692624,,
1475,0.14678388,,
1476,0.14664151,,
1477,0.14649914,,
1478,0.14635678,,
1479,0.14621441,,
1480,0.14607204,,
1481,0.14592967,,
1482,0.14578731,,
1483,0.14564494,,
1484,0.14550257,,
1485,0.14536021,,
1486,0.14521784,,
1487,0.14507547,,
1488,0.1449331,,
1489,0.14479074,,
1490,0.14464837,,
1491,0.144506,,
1492,0.14436364,,
1493,0.14422127,,
1494,0.1440789,,
1495,0.14393654,,
1496,0.14379417,,
1497,0.1436518,,
1498,0.14350943,,
1499,0.14336707,,
1500,0.1432247,,
1501,0.14308233,,
1502,0.14293997,,
1503,0.1427976,,
1504,0.14265523,,
1505,0.14251286,,
1506,0.1423705,,
1507,0.14222813,,
1508,0.14208576,,
1509,0.1419434,,
1510,0.14180103,,
1511,0.14165866,,
1512,0.1415163,,
1513,0.14137393,,
1514,0.14123156,,
1515,0.14108919,,
1516,0.14094683,,
1517,0.14080446,,
1518,0.14066209,,
1519,0.14051973,,
1520,0.14037736,,
1521,0.14023499,,
1522,0.14009262,,
1523,0.13995026,,
1524,0.13980789,,
1525,0.13966552,,
1526,0.13952316,,
1527,0.13938079,,
1528,0.13923842,,
1529,0.13909605,,
1530,0.13895369,,
1531,0.13881132,,
1532,0.13866895,,
1533,0.13852659,,
1534,0.13838422,,
1535,0.13824185,,
1536,0.13809949,,
1537,0.13795712,,
1538,0.13781475,,
1539,0.13767238,,
1540,0.13753002,,
1541,0.13738765,,
1542,0.13724528,,
1543,0.13710292,,
1544,0.13696055,,
1545,0.13681818,,
1546,0.13667581,,
1547,0.13653345,,
1548,0.13639108,,
1549,0.13624871,,
1550,0.13610635,,
1551,0.13596398,,
1552,0.13582161,,
1553,0.13567925,,
1554,0.13553688,,
1555,0.13539451,,
1556,0.13525214,,
1557,0.13510978,,
1558,0.13496741,,
1559,0.13482504,,
1560,0.13468268,,
1561,0.13454031,,
1562,0.13439794,,
1563,0.13425557,,
1564,0.13411321,,
1565,0.13397084,,
1566,0.13382847,,
1567,0.13368611,,
1568,0.13354374,,
1569,0.13340137,,
1570,0.13325901,,
1571,0.13311664,,
1572,0.13297427,,
1573,0.1328319,,
1574,0.13268954,,
1575,0.13254717,,
1576,0.1324048,,
1577,0.13226244,,
1578,0.13212007,,
1579,0.1319777,,
1580,0.13183533,,
1581,0.13169297,,
1582,0.1315506,,
1583,0.13140823,,
1584,0.13126587,,
1585,0.1311235,,
1586,0.13098113,,
1587,0.13083877,,
1588,0.1306964,,
1589,0.13055403,,
1590,0.13041166,,
1591,0.1302693,,
1592,0.13012693,,
1593,0.12998456,,
1594,0.1298422,,
1595,0.12969983,,
1596,0.12955746,,
1597,0.12941509,,
1598,0.12927273,,
1599,0.12913036,,
1600,0.12898799,,
1601,0.12884563,,
1602,0.12870326,,
1603,0.12856089,,
1604,0.12841852,,
1605,0.12827616,,
1606,0.12813379,,
1607,0.12799142,,
1608,0.12784906,,
1609,0.12770669,,
1610,0.12756432,,
1611,0.12742196,,
1612,0.12727959,,
1613,0.12713722,,
1614,0.12699485,,
1615,0.12685249,,
1616,0.12671012,,
1617,0.12656775,,
1618,0.12642539,,
1619,0.12628302,,
1620,0.12614065,,
1621,0.12599828,,
1622,0.12585592,,
1623,0.12571355,,
1624,0.12557118,,
1625,0.12542882,,
1626,0.12528645,,
1627,0.12514408,,
1628,0.12500172,,
1629,0.12485935,,
1630,0.12471698,,
1631,0.12457461,,
1632,0.12443225,,
1633,0.12428988,,
1634,0.12414751,,
1635,0.12400515,,
1636,0.12386278,,
1637,0.12372041,,
1638,0.12357804,,
1639,0.12343568,,
1640,0.12329331,,
1641,0.12315094,,
1642,0.12300858,,
1643,0.12286621,,
1644,0.12272384,,
1645,0.12258148,,
1646,0.12243911,,
1647,0.12229674,,
1648,0.12215437,,
1649,0.12201201,,
1650,0.12186964,,
1651,0.12172727,,
1652,0.12158491,,
1653,0.12144254,,
1654,0.12130017,,
1655,0.1211578,,
1656,0.12101544,,
1657,0.12087307,,
1658,0.1207307,,
1659,0.12058834,,
1660,0.12044597,,
1661,0.1203036,,
1662,0.12016123,,
1663,0.12001887,,
1664,0.1198765,,
1665,0.11973413,,
1666,0.11959177,,
1667,0.1194494,,
1668,0.11930703,,
1669,0.11916467,,
1670,0.1190223,,
1671,0.11887993,,
1672,0.11873756,,
1673,0.1185952,,
1674,0.11845283,,
1675,0.11831046,,
1676,0.1181681,,
1677,0.11802573,,
1678,0.11788336,,
1679,0.11774099,,
1680,0.11759863,,
1681,0.11745626,,
1682,0.11731389,,
1683,0.11717153,,
1684,0.11702916,,
1685,0.11688679,,
1686,0.11674443,,
1687,0.11660206,,
1688,0.11645969,,
1689,0.11631732,,
1690,0.11617496,,
1691,0.11603259,,
1692,0.11589022,,
1693,0.11574786,,
1694,0.11560549,,
1695,0.11546312,,
1696,0.11532075,,
1697,0.11517839,,
1698,0.11503602,,
1699,0.11489365,,
1700,0.11475129,,
1701,0.11460892,,
1702,0.11446655,,
1703,0.11432419,,
1704,0.11418182,,
1705,0.11403945,,
1706,0.11389708,,
1707,0.11375472,,
1708,0.11361235,,
1709,0.11346998,,
1710,0.11332762,,
1711,0.11318525,,
1712,0.11304288,,
1713,0.11290051,,
1714,0.11275815,,
1715,0.11261578,,
1716,0.11247341,,
1717,0.11233105,,
1718,0.11218868,,
1719,0.11204631,,
1720,0.11190395,,
1721,0.11176158,,
1722,0.11161921,,
1723,0.11147684,,
1724,0.11133448,,
1725,0.11119211,,
1726,0.11104974,,
1727,0.11090738,,
1728,0.11076501,,
1729,0.11062264,,
1730,0.11048027,,
1731,0.11033791,,
1732,0.11019554,,
1733,0.11005317,,
1734,0.10991081,,
1735,0.10976844,,
1736,0.10962607,,
1737,0.1094837,,
1738,0.10934134,,
1739,0.10919897,,
1740,0.1090566,,
1741,0.10891424,,
1742,0.10877187,,
1743,0.1086295,,
1744,0.10848714,,
1745,0.10834477,,
1746,0.1082024,,
1747,0.10806003,,
1748,0.10791767,,
1749,0.1077753,,
1750,0.10763293,,
1751,0.10749057,,
1752,0.1073482,,
1753,0.10720583,,
1754,0.10706346,,
1755,0.1069211,,
1756,0.10677873,,
1757,0.10663636,,
1758,0.106494,,
1759,0.10635163,,
1760,0.10620926,,
1761,0.1060669,,
1762,0.10592453,,
1763,0.10578216,,
1764,0.10563979,,
1765,0.10549743,,
1766,0.10535506,,
1767,0.10521269,,
1768,0.10507033,,
1769,0.10492796,,
1770,0.10478559,,
1771,0.10464322,,
1772,0.10450086,,
1773,0.10435849,,
1774,0.10421612,,
1775,0.10407376,,
1776,0.10393139,,
1777,0.10378902,,
1778,0.10364666,,
1779,0.10350429,,
1780,0.10336192,,
1781,0.10321955,,
1782,0.10307719,,
1783,0.10293482,,
1784,0.10279245,,
1785,0.10265009,,
1786,0.10250772,,
1787,0.10236535,,
1788,0.10222298,,
1789,0.10208062,,
1790,0.10193825,,
1791,0.10179588,,
1792,0.10165352,,
1793,0.10151115,,
1794,0.10136878,,
1795,0.10122642,,
1796,0.10108405,,
1797,0.10094168,,
1798,0.10079931,,
1799,0.10065695,,
1800,0.10051458,,
1801,0.10037221,,
1802,0.10022985,,
1803,0.10008748,,
1804,0.099945111,,
1805,0.099802744,,
1806,0.099660377,,
1807,0.09951801,,
1808,0.099375643,,
1809,0.099233276,,
1810,0.099090909,,
1811,0.098948542,,
1812,0.098806175,,
1813,0.098663808,,
1814,0.098521441,,
1815,0.098379074,,
1816,0.098236707,,
1817,0.09809434,,
1818,0.097951973,,
1819,0.097809605,,
1820,0.097667238,,
1821,0.097524871,,
1822,0.097382504,,
1823,0.097240137,,
1824,0.09709777,,
1825,0.096955403,,
1826,0.096813036,,
1827,0.096670669,,
1828,0.096528302,,
1829,0.096385935,,
1830,0.096243568,,
1831,0.096101201,,
1832,0.095958834,,
1833,0.095816467,,
1834,0.095674099,,
1835,0.095531732,,
1836,0.095389365,,
1837,0.095246998,,
1838,0.095104631,,
1839,0.094962264,,
1840,0.094819897,,
1841,0.09467753,,
1842,0.094535163,,
1843,0.094392796,,
1844,0.094250429,,
1845,0.094108062,,
1846,0.093965695,,
1847,0.093823328,,
1848,0.093680961,,
1849,0.093538593,,
1850,0.093396226,,
1851,0.093253859,,
1852,0.093111492,,
1853,0.092969125,,
1854,0.092826758,,
1855,0.092684391,,
1856,0.092542024,,
1857,0.092399657,,
1858,0.09225729,,
1859,0.092114923,,
1860,0.091972556,,
1861,0.091830189,,
1862,0.091687822,,
1863,0.091545455,,
1864,0.091403087,,
1865,0.09126072,,
1866,0.091118353,,
1867,0.090975986,,
1868,0.090833619,,
1869,0.090691252,,
1870,0.090548885,,
1871,0.090406518,,
1872,0.090264151,,
1873,0.090121784,,
1874,0.089979417,,
1875,0.08983705,,
1876,0.089694683,,
1877,0.089552316,,
1878,0.089409949,,
1879,0.089267581,,
1880,0.089125214,,
1881,0.088982847,,
1882,0.08884048,,
1883,0.088698113,,
1884,0.088555746,,
1885,0.088413379,,
1886,0.088271012,,
1887,0.088128645,,
1888,0.087986278,,
1889,0.087843911,,
1890,0.087701544,,
1891,0.087559177,,
1892,0.08741681,,
1893,0.087274443,,
1894,0.087132075,,
1895,0.086989708,,
1896,0.086847341,,
1897,0.086704974,,
1898,0.086562607,,
1899,0.08642024,,
1900,0.086277873,,
1901,0.086135506,,
1902,0.085993139,,
1903,0.085850772,,
1904,0.085708405,,
1905,0.085566038,,
1906,0.085423671,,
1907,0.085281304,,
1908,0.085138937,,
1909,0.084996569,,
1910,0.084854202,,
1911,0.084711835,,
1912,0.084569468,,
1913,0.084427101,,
1914,0.084284734,,
1915,0.084142367,,
1916,0.084,,
1917,0.083857633,,
1918,0.083715266,,
1919,0.083572899,,
1920,0.083430532,,
1921,0.083288165,,
1922,0.083145798,,
1923,0.083003431,,
1924,0.082861063,,
1925,0.082718696,,
1926,0.082576329,,
1927,0.082433962,,
1928,0.082291595,,
1929,0.082149228,,
1930,0.082006861,,
1931,0.081864494,,
1932,0.081722127,,
1933,0.08157976,,
1934,0.081437393,,
1935,0.081295026,,
1936,0.081152659,,
1937,0.081010292,,
1938,0.080867925,,
1939,0.080725557,,
1940,0.08058319,,
1941,0.080440823,,
1942,0.080298456,,
1943,0.080156089,,
1944,0.080013722,,
1945,0.079871355,,
1946,0.079728988,,
1947,0.079586621,,
1948,0.079444254,,
1949,0.079301887,,
1950,0.07915952,,
1951,0.079017153,,
1952,0.078874786,,
1953,0.078732419,,
1954,0.078590051,,
1955,0.078447684,,
1956,0.078305317,,
1957,0.07816295,,
1958,0.078020583,,
1959,0.077878216,,
1960,0.077735849,,
1961,0.077593482,,
1962,0.077451115,,
1963,0.077308748,,
1964,0.077166381,,
1965,0.077024014,,
1966,0.076881647,,
1967,0.07673928,,
1968,0.076596913,,
1969,0.076454545,,
1970,0.076312178,,
1971,0.076169811,,
1972,0.076027444,,
1973,0.075885077,,
1974,0.07574271,,
1975,0.075600343,,
1976,0.075457976,,
1977,0.075315609,,
1978,0.075173242,,
1979,0.075030875,,
1980,0.074888508,,
1981,0.074746141,,
1982,0.074603774,,
1983,0.074461407,,
1984,0.074319039,,
1985,0.074176672,,
1986,0.074034305,,
1987,0.073891938,,
1988,0.073749571,,
1989,0.073607204,,
1990,0.073464837,,
1991,0.07332247,,
1992,0.073180103,,
1993,0.073037736,,
1994,0.072895369,,
1995,0.072753002,,
1996,0.072610635,,
1997,0.072468268,,
1998,0.072325901,,
1999,0.072183533,,
2000,0.072041166,,
2001,0.071898799,,
2002,0.071756432,,
2003,0.071614065,,
2004,0.071471698,,
2005,0.071329331,,
2006,0.071186964,,
2007,0.071044597,,
2008,0.07090223,,
2009,0.070759863,,
2010,0.070617496,,
2011,0.070475129,,
2012,0.070332762,,
2013,0.070190395,,
2014,0.070048027,,
2015,0.06990566,,
2016,0.069763293,,
2017,0.069620926,,
2018,0.069478559,,
2019,0.069336192,,
2020,0.069193825,,
2021,0.069051458,,
2022,0.068909091,,
2023,0.068766724,,
2024,0.068624357,,
2025,0.06848199,,
2026,0.068339623,,
2027,0.068197256,,
2028,0.068054889,,
2029,0.067912521,,
2030,0.067770154,,
2031,0.067627787,,
2032,0.06748542,,
2033,0.067343053,,
2034,0.067200686,,
2035,0.067058319,,
2036,0.066915952,,
2037,0.066773585,,
2038,0.066631218,,
2039,0.066488851,,
2040,0.066346484,,
2041,0.066204117,,
2042,0.06606175,,
2043,0.065919383,,
2044,0.065777015,,
2045,0.065634648,,
2046,0.065492281,,
2047,0.065349914,,
2048,0.065207547,,
2049,0.06506518,,
2050,0.064922813,,
2051,0.064780446,,
2052,0.064638079,,
2053,0.064495712,,
2054,0.064353345,,
2055,0.064210978,,
2056,0.064068611,,
2057,0.063926244,,
2058,0.063783877,,
2059,0.063641509,,
2060,0.063499142,,
2061,0.063356775,,
2062,0.063214408,,
2063,0.063072041,,
2064,0.062929674,,
2065,0.062787307,,
2066,0.06264494,,
2067,0.062502573,,
2068,0.062360206,,
2069,0.062217839,,
2070,0.062075472,,
2071,0.061933105,,
2072,0.061790738,,
2073,0.06164837,,
2074,0.061506003,,
2075,0.061363636,,
2076,0.061221269,,
2077,0.061078902,,
2078,0.060936535,,
2079,0.060794168,,
2080,0.060651801,,
2081,0.060509434,,
2082,0.060367067,,
2083,0.0602247,,
2084,0.060082333,,
2085,0.059939966,,
2086,0.059797599,,
2087,0.059655232,,
2088,0.059512864,,
2089,0.059370497,,
2090,0.05922813,,
2091,0.059085763,,
2092,0.058943396,,
2093,0.058801029,,
2094,0.058658662,,
2095,0.058516295,,
2096,0.058373928,,
2097,0.058231561,,
2098,0.058089194,,
2099,0.057946827,,
2100,0.05780446,,
2101,0.057662093,,
2102,0.057519726,,
2103,0.057377358,,
2104,0.057234991,,
2105,0.057092624,,
2106,0.056950257,,
2107,0.05680789,,
2108,0.056665523,,
2109,0.056523156,,
2110,0.056380789,,
2111,0.056238422,,
2112,0.056096055,,
2113,0.055953688,,
2114,0.055811321,,
2115,0.055668954,,
2116,0.055526587,,
2117,0.05538422,,
2118,0.055241852,,
2119,0.055099485,,
2120,0.054957118,,
2121,0.054814751,,
2122,0.054672384,,
2123,0.054530017,,
2124,0.05438765,,
2125,0.054245283,,
2126,0.054102916,,
2127,0.053960549,,
2128,0.053818182,,
2129,0.053675815,,
2130,0.053533448,,
2131,0.053391081,,
2132,0.053248714,,
2133,0.053106346,,
2134,0.052963979,,
2135,0.052821612,,
2136,0.052679245,,
2137,0.052536878,,
2138,0.052394511,,
2139,0.052252144,,
2140,0.052109777,,
2141,0.05196741,,
2142,0.051825043,,
2143,0.051682676,,
2144,0.051540309,,
2145,0.051397942,,
2146,0.051255575,,
2147,0.051113208,,
2148,0.05097084,,
2149,0.050828473,,
2150,0.050686106,,
2151,0.050543739,,
2152,0.050401372,,
2153,0.050259005,,
2154,0.050116638,,
2155,0.049974271,,
2156,0.049831904,,
2157,0.049689537,,
2158,0.04954717,,
2159,0.049404803,,
2160,0.049262436,,
2161,0.049120069,,
2162,0.048977702,,
2163,0.048835334,,
2164,0.048692967,,
2165,0.0485506,,
2166,0.048408233,,
2167,0.048265866,,
2168,0.048123499,,
2169,0.047981132,,
2170,0.047838765,,
2171,0.047696398,,
2172,0.047554031,,
2173,0.047411664,,
2174,0.047269297,,
2175,0.04712693,,
2176,0.046984563,,
2177,0.046842196,,
2178,0.046699828,,
2179,0.046557461,,
2180,0.046415094,,
2181,0.046272727,,
2182,0.04613036,,
2183,0.045987993,,
2184,0.045845626,,
2185,0.045703259,,
2186,0.045560892,,
2187,0.045418525,,
2188,0.045276158,,
2189,0.045133791,,
2190,0.044991424,,
2191,0.044849057,,
2192,0.04470669,,
2193,0.044564322,,
2194,0.044421955,,
2195,0.044279588,,
2196,0.044137221,,
2197,0.043994854,,
2198,0.043852487,,
2199,0.04371012,,
2200,0.043567753,,
2201,0.043425386,,
2202,0.043283019,,
2203,0.043140652,,
2204,0.042998285,,
2205,0.042855918,,
2206,0.042713551,,
2207,0.042571184,,
2208,0.042428816,,
2209,0.042286449,,
2210,0.042144082,,
2211,0.042001715,,
2212,0.041859348,,
2213,0.041716981,,
2214,0.041574614,,
2215,0.041432247,,
2216,0.04128988,,
2217,0.041147513,,
2218,0.041005146,,
2219,0.040862779,,
2220,0.040720412,,
2221,0.040578045,,
2222,0.040435678,,
2223,0.04029331,,
2224,0.040150943,,
2225,0.040008576,,
2226,0.039866209,,
2227,0.039723842,,
2228,0.039581475,,
2229,0.039439108,,
2230,0.039296741,,
2231,0.039154374,,
2232,0.039012007,,
2233,0.03886964,,
2234,0.038727273,,
2235,0.038584906,,
2236,0.038442539,,
2237,0.038300172,,
2238,0.038157804,,
2239,0.038015437,,
2240,0.03787307,,
2241,0.037730703,,
2242,0.037588336,,
2243,0.037445969,,
2244,0.037303602,,
2245,0.037161235,,
2246,0.037018868,,
2247,0.036876501,,
2248,0.036734134,,
2249,0.036591767,,
2250,0.0364494,,
2251,0.036307033,,
2252,0.036164666,,
2253,0.036022298,,
2254,0.035879931,,
2255,0.035737564,,
2256,0.035595197,,
2257,0.03545283,,
2258,0.035310463,,
2259,0.035168096,,
2260,0.035025729,,
2261,0.034883362,,
2262,0.034740995,,
2263,0.034598628,,
2264,0.034456261,,
2265,0.034313894,,
2266,0.034171527,,
2267,0.03402916,,
2268,0.033886792,,
2269,0.033744425,,
2270,0.033602058,,
2271,0.033459691,,
2272,0.033317324,,
2273,0.033174957,,
2274,0.03303259,,
2275,0.032890223,,
2276,0.032747856,,
2277,0.032605489,,
2278,0.032463122,,
2279,0.032320755,,
2280,0.032178388,,
2281,0.032036021,,
2282,0.031893654,,
2283,0.031751286,,
2284,0.031608919,,
2285,0.031466552,,
2286,0.031324185,,
2287,0.031181818,,
2288,0.031039451,,
2289,0.030897084,,
2290,0.030754717,,
2291,0.03061235,,
2292,0.030469983,,
2293,0.030327616,,
2294,0.030185249,,
2295,0.030042882,,
2296,0.029900515,,
2297,0.029758148,,
2298,0.02961578,,
2299,0.029473413,,
2300,0.029331046,,
2301,0.029188679,,
2302,0.029046312,,
2303,0.028903945,,
2304,0.028761578,,
2305,0.028619211,,
2306,0.028476844,,
2307,0.028334477,,
2308,0.02819211,,
2309,0.028049743,,
2310,0.027907376,,
2311,0.027765009,,
2312,0.027622642,,
2313,0.027480274,,
2314,0.027337907,,
2315,0.02719554,,
2316,0.027053173,,
2317,0.026910806,,
2318,0.026768439,,
2319,0.026626072,,
2320,0.026483705,,
2321,0.026341338,,
2322,0.026198971,,
2323,0.026056604,,
2324,0.025914237,,
2325,0.02577187,,
2326,0.025629503,,
2327,0.025487136,,
2328,0.025344768,,
2329,0.025202401,,
2330,0.025060034,,
2331,0.024917667,,
2332,0.0247753,,
2333,0.024632933,,
2334,0.024490566,,
2335,0.024348199,,
2336,0.024205832,,
2337,0.024063465,,
2338,0.023921098,,
2339,0.023778731,,
2340,0.023636364,,
2341,0.023493997,,
2342,0.02335163,,
2343,0.023209262,,
2344,0.023066895,,
2345,0.022924528,,
2346,0.022782161,,
2347,0.022639794,,
2348,0.022497427,,
2349,0.02235506,,
2350,0.022212693,,
2351,0.022070326,,
2352,0.021927959,,
2353,0.021785592,,
2354,0.021643225,,
2355,0.021500858,,
2356,0.021358491,,
2357,0.021216123,,
2358,0.021073756,,
2359,0.020931389,,
2360,0.020789022,,
2361,0.020646655,,
2362,0.020504288,,
2363,0.020361921,,
2364,0.020219554,,
2365,0.020077187,,
2366,0.01993482,,
2367,0.019792453,,
2368,0.019650086,,
2369,0.019507719,,
2370,0.019365352,,
2371,0.019222985,,
2372,0.019080617,,
2373,0.01893825,,
2374,0.018795883,,
2375,0.018653516,,
2376,0.018511149,,
2377,0.018368782,,
2378,0.018226415,,
2379,0.018084048,,
2380,0.017941681,,
2381,0.017799314,,
2382,0.017656947,,
2383,0.01751458,,
2384,0.017372213,,
2385,0.017229846,,
2386,0.017087479,,
2387,0.016945111,,
2388,0.016802744,,
2389,0.016660377,,
2390,0.01651801,,
2391,0.016375643,,
2392,0.016233276,,
2393,0.016090909,,
2394,0.015948542,,
2395,0.015806175,,
2396,0.015663808,,
2397,0.015521441,,
2398,0.015379074,,
2399,0.015236707,,
2400,0.01509434,,
2401,0.014951973,,
2402,0.014809605,,
2403,0.014667238,,
2404,0.014524871,,
2405,0.014382504,,
2406,0.014240137,,
2407,0.01409777,,
2408,0.013955403,,
2409,0.013813036,,
2410,0.013670669,,
2411,0.013528302,,
2412,0.013385935,,
2413,0.013243568,,
2414,0.013101201,,
2415,0.012958834,,
2416,0.012816467,,
2417,0.012674099,,
2418,0.012531732,,
2419,0.012389365,,
2420,0.012246998,,
2421,0.012104631,,
2422,0.011962264,,
2423,0.011819897,,
2424,0.01167753,,
2425,0.011535163,,
2426,0.011392796,,
2427,0.011250429,,
2428,0.011108062,,
2429,0.010965695,,
2430,0.010823328,,
2431,0.010680961,,
2432,0.010538593,,
2433,0.010396226,,
2434,0.010253859,,
2435,0.010111492,,
2436,0.0099691252,,
2437,0.0098267581,,
2438,0.0096843911,,
2439,0.009542024,,
2440,0.0093996569,,
2441,0.0092572899,,
2442,0.0091149228,,
2443,0.0089725557,,
2444,0.0088301887,,
2445,0.0086878216,,
2446,0.0085454545,,
2447,0.0084030875,,
2448,0.0082607204,,
2449,0.0081183533,,
2450,0.0079759863,,
2451,0.0078336192,,
2452,0.0076912521,,
2453,0.0075488851,,
2454,0.007406518,,
2455,0.0072641509,,
2456,0.0071217839,,
2457,0.0069794168,,
2458,0.0068370497,,
2459,0.0066946827,,
2460,0.0065523156,,
2461,0.0064099485,,
2462,0.0062675815,,
2463,0.0061252144,,
2464,0.0059828473,,
2465,0.0058404803,,
2466,0.0056981132,,
2467,0.0055557461,,
2468,0.0054133791,,
2469,0.005271012,,
2470,0.0051286449,,
2471,0.0049862779,,
2472,0.0048439108,,
2473,0.0047015437,,
2474,0.0045591767,,
2475,0.0044168096,,
2476,0.0042744425,,
2477,0.0041320755,,
2478,0.0039897084,,
2479,0.0038473413,,
2480,0.0037049743,,
2481,0.0035626072,,
2482,0.0034202401,,
2483,0.0032778731,,
2484,0.003135506,,
2485,0.0029931389,,
2486,0.0028507719,,
2487,0.0027084048,,
2488,0.0025660377,,
2489,0.0024236707,,
2490,0.0022813036,,
2491,0.0021389365,,
2492,0.0019965695,,
2493,0.0018542024,,
2494,0.0017118353,,
2495,0.0015694683,,
2496,0.0014271012,,
2497,0.0012847341,,
2498,0.0011423671,,
2499,0.001,,
